{"Eval Reward(Max Reward":3.771583552796301,"_timestamp":1.7510538325153868e+09,"_runtime":248.822609371,"_wandb":{"runtime":248},"_step":4000}