{"_runtime":465.60516703,"_step":10000,"_wandb":{"runtime":465},"Eval Reward(Max Reward)":3.587054033868248,"_timestamp":1.751054432449236e+09,"Eval Reward(Average Reward)":1.7912936549673113}